"file name,","file size,","number of words,","% positive,","% negative,","% uncertainty,","% litigious,","% modal-weak,","% modal moderate,","% modal strong,","% constraining,","# of alphanumeric,","# of digits,","# of numbers,","avg # of syllables per word,","average word length,",vocabulary
./TestParse/sunroofpos.txt,3270,445,3.5955056179775284,1.5730337078651686,0.22471910112359553,0.0,0.0,0.44943820224719105,0.44943820224719105,0.22471910112359553,2605,27,11,1.6382022471910112,5.080898876404494,241
./TestParse/equifaxneg.txt,3428,451,1.1086474501108647,5.986696230598669,1.5521064301552108,7.982261640798225,1.3303769401330376,1.7738359201773837,0.4434589800443459,0.22172949002217296,2757,31,8,1.7272727272727273,5.41019955654102,212
./TestParse/testdoc.txt,6332,741,1.484480431848853,1.6194331983805668,1.0796221322537112,0.1349527665317139,0.2699055330634278,0.9446693657219973,1.0796221322537112,0.0,4601,331,57,1.4507422402159245,4.518218623481781,334
